time,memory usage
1480445896.018425,36192256
1480445899.580628,36192256
1480445903.382846,36192256
1480445906.821042,36192256
1480445910.072228,36257792
1480445913.271411,36257792
1480445916.631604,36257792
1480445920.356817,36257792
1480445924.051028,36257792
1480445927.862246,36257792
1480445931.219438,36257792
1480445934.625633,36257792
1480445938.171836,36257792
1480445941.778042,36270080
1480445945.346246,36270080
1480445948.757441,36270080
1480445952.437652,36270080
1480445955.647835,36270080
1480445958.993026,36270080
1480445962.166208,36270080
1480445965.336389,36270080
1480445968.881592,36286464
1480445972.218783,36286464
1480445975.596976,36286464
1480445978.886164,36261888
1480445982.202354,36261888
1480445985.939568,36261888
1480445989.389765,36261888
1480445992.705955,36261888
1480445996.110149,36261888
1480445999.400338,36261888
1480446002.655524,36261888
1480446006.168725,36229120
1480446009.656924,36229120
1480446013.002116,36229120
1480446016.504316,36229120
1480446019.883509,36229120
1480446023.296704,36229120
1480446026.744902,36229120
1480446030.180098,36229120
1480446033.979315,36229120
1480446037.269504,36229120
1480446040.600694,36229120
1480446044.112895,36229120
1480446047.51709,36229120
1480446050.83728,36229120
1480446054.271476,36229120
1480446057.408656,36229120
1480446060.789849,36229120
1480446064.175043,36229120
1480446067.817251,36229120
1480446071.241447,36229120
1480446074.713645,36229120
1480446077.852825,36229120
1480446081.146013,36229120
1480446084.355197,36229120
1480446087.673387,36229120
1480446090.932573,36229120
1480446094.341768,36229120
1480446097.784965,36229120
1480446101.209161,36229120
1480446104.647357,36229120
1480446107.898543,36229120
1480446112.230791,36229120
1480446115.672988,36229120
1480446118.958176,36229120
1480446122.948404,36229120
1480446126.536609,36229120
1480446129.924803,36229120
1480446133.219992,36229120
1480446136.672189,36229120
1480446140.114386,36229120
1480446143.246565,36229120
1480446146.542754,36229120
1480446149.61993,36229120
1480446153.016124,36229120
1480446156.354315,36229120
1480446159.779511,36229120
1480446163.26971,36229120
1480446166.298884,36229120
1480446169.532069,36229120
1480446172.945264,36229120
1480446176.37246,36229120
1480446179.740653,36229120
1480446183.055842,36229120
1480446186.33603,36229120
1480446189.692222,36229120
1480446192.963409,36229120
1480446196.428607,36229120
1480446199.949808,36229120
1480446203.439008,36229120
1480446206.942208,36229120
1480446210.183394,36229120
1480446213.303572,36229120
1480446216.958781,36229120
1480446220.290972,36229120
1480446223.613162,36229120
1480446226.924351,36229120
1480446230.330546,36229120
1480446233.432724,36229120
1480446236.822917,36229120
1480446240.101105,36229120
1480446243.264286,36229120
1480446246.49047,36229120
1480446249.752657,36229120
1480446253.30586,36229120
1480446256.424039,36229120
1480446259.95224,36229120
1480446263.469442,36229120
1480446266.667624,36229120
1480446269.961813,36229120
1480446273.258001,36229120
1480446276.603193,36229120
1480446279.712371,36229120
1480446282.943555,36229120
1480446286.577763,36229120
1480446290.204971,36229120
1480446293.395153,36229120
1480446296.83535,36229120
1480446300.145539,36229120
1480446303.720744,36229120
1480446306.896925,36229120
1480446310.199114,36229120
1480446313.502303,36229120
1480446316.897497,36229120
1480446320.392697,36229120
1480446323.9279,36229120
1480446327.4301,36229120
1480446330.950301,36229120
1480446334.043478,36229120
1480446337.194658,36229120
1480446340.626855,36229120
1480446343.904042,36229120
1480446347.324238,36229120
1480446350.711431,36229120
1480446353.952617,36229120
1480446357.403814,36229120
1480446360.625999,36229120
1480446363.918187,36229120
1480446367.241377,36229120
1480446370.906587,36229120
1480446374.161773,36229120
1480446377.379957,36229120
1480446380.483134,36229120
1480446383.784323,36229120
1480446387.280523,36229120
1480446390.475706,36229120
1480446393.846899,36229120
1480446397.243093,36229120
1480446400.653288,36229120
1480446403.847471,36229120
1480446407.056654,36229120
1480446410.360843,36229120
1480446413.636031,36229120
1480446416.843214,36229120
1480446420.123402,36229120
1480446423.571599,36229120
1480446426.939791,36229120
1480446430.221979,36229120
1480446433.662176,36229120
1480446436.977366,36229120
1480446440.221551,36229120
1480446443.472737,36229120
1480446446.835929,36229120
1480446450.187121,36229120
1480446453.759325,36229120
1480446456.960509,36229120
1480446460.211695,36229120
1480446463.699894,36229120
1480446466.834073,36229120
1480446470.285271,36229120
1480446473.473453,36229120
1480446476.840646,36229120
1480446480.23384,36229120
1480446483.872048,36229120
1480446487.161236,36229120
1480446490.38142,36229120
1480446493.977626,36229120
1480446497.268814,36229120
1480446500.495999,36261888
1480446503.969197,38432768
1480446507.106377,38432768
1480446510.328561,38432768
1480446513.62975,38432768
1480446516.698925,38432768
1480446519.886108,38432768
1480446523.399309,38432768
1480446526.859507,38432768
1480446530.07369,38506496
1480446533.120865,38506496
1480446536.323048,38506496
1480446539.774245,38457344
1480446543.038432,38457344
1480446546.132609,38457344
1480446549.259788,38457344
1480446552.507974,38457344
1480446555.790161,38457344
1480446558.977344,38457344
1480446562.363537,38457344
1480446565.772732,38457344
1480446569.153926,38457344
1480446572.456115,38457344
1480446575.755303,38457344
1480446579.01349,38457344
1480446582.414684,38457344
1480446585.66287,38457344
1480446588.897055,38457344
1480446592.084237,38457344
1480446595.337423,38457344
1480446598.546607,38424576
1480446601.74879,38424576
1480446605.097982,38424576
1480446608.476175,38424576
1480446611.663357,38424576
1480446614.971546,38424576
1480446618.210732,38424576
1480446621.32291,38424576
1480446624.491091,38424576
1480446627.695274,38424576
1480446630.833454,38424576
1480446634.287651,38424576
1480446637.530837,38424576
1480446640.945032,38424576
1480446644.149215,38424576
1480446647.410402,38424576
1480446650.598584,38424576
1480446653.727763,38424576
1480446657.015951,38391808
1480446660.133129,38391808
1480446663.382315,38391808
1480446666.565497,38391808
1480446669.737679,38391808
1480446673.047868,38391808
1480446676.375058,38391808
1480446679.980265,38391808
1480446683.491465,38391808
1480446686.600643,38391808
1480446689.840829,38391808
1480446693.071013,38391808
1480446696.345201,38391808
1480446699.512382,38391808
1480446702.79557,38391808
1480446706.021754,38391808
1480446709.330943,38391808
1480446712.610131,38391808
1480446715.799313,38391808
1480446718.942493,38391808
1480446722.135676,38391808
1480446725.433864,38391808
1480446728.652048,38391808
1480446731.850231,38391808
1480446735.181422,38391808
1480446738.2916,38391808
1480446741.550786,38391808
1480446744.710967,38391808
1480446747.859147,38391808
1480446750.982326,38391808
1480446754.125505,38391808
1480446757.465696,38391808
1480446760.703882,38391808
1480446764.031072,38391808
1480446767.268257,38391808
1480446770.625449,38391808
1480446774.005643,38391808
1480446777.123821,38391808
1480446780.375007,38391808
1480446783.548188,38391808
1480446786.669367,38391808
1480446790.028559,38391808
1480446793.258744,38391808
1480446796.526931,38391808
1480446800.045132,38391808
1480446803.279317,38391808
1480446806.4755,38391808
1480446809.850693,38391808
1480446813.093878,38391808
1480446816.325063,38391808
1480446819.494244,38391808
1480446822.73643,38391808
1480446825.985616,38391808
1480446829.122795,38391808
1480446832.450985,38391808
1480446835.559163,38391808
1480446838.808349,38391808
1480446841.947529,38391808
1480446845.11371,38391808
1480446848.4399,38391808
1480446851.619082,38391808
1480446854.792263,38391808
1480446857.915442,38391808
1480446861.053621,38391808
1480446864.208802,38391808
1480446867.360982,38391808
1480446870.655171,38391808
1480446873.914357,38391808
1480446877.083538,38391808
1480446880.276721,38391808
1480446883.432901,38391808
1480446886.742091,38391808
1480446890.024278,38391808
1480446893.105455,38391808
1480446896.393643,38391808
1480446899.588825,38391808
1480446902.941017,38391808
1480446906.187203,38391808
1480446909.587397,38391808
1480446912.78358,38391808
1480446915.993764,38391808
1480446919.126943,38391808
1480446922.290124,38391808
1480446925.3693,38391808
1480446928.587484,38391808
1480446931.650659,38391808
1480446934.902845,38391808
1480446938.265038,38391808
1480446941.699234,38391808
1480446945.014424,38391808
1480446948.236608,38391808
1480446951.42179,38391808
1480446954.668976,38391808
1480446957.860158,38391808
1480446961.094343,38391808
1480446964.347529,38391808
1480446967.762725,38391808
1480446970.99691,38391808
1480446974.266097,38391808
1480446977.715294,38391808
1480446980.78847,38391808
1480446984.126661,38391808
1480446987.365846,38391808
1480446990.713037,38391808
1480446994.103231,38391808
1480446997.413421,38391808
1480447000.696608,38391808
1480447003.961795,38391808
1480447007.281985,38391808
1480447010.50517,38391808
1480447013.794358,38391808
1480447016.98254,38391808
1480447020.200724,38391808
1480447023.568917,38391808
1480447026.848104,38391808
1480447030.038287,38391808
1480447033.273472,38391808
1480447036.511657,38391808
1480447039.783844,38391808
1480447043.073032,38391808
1480447046.319218,38391808
1480447049.365392,38391808
1480447052.499571,38391808
1480447055.859764,38391808
1480447059.075948,38391808
1480447062.207127,38391808
1480447065.705327,38391808
1480447068.869508,38391808
1480447072.148695,38391808
1480447075.278874,38391808
1480447078.560062,38391808
1480447081.897253,38391808
1480447085.092436,38391808
1480447088.304619,38391808
1480447091.494802,38391808
1480447094.735987,38391808
1480447097.996174,38391808
1480447101.188356,38391808
1480447104.553549,38391808
1480447107.698729,38391808
1480447110.995917,38391808
1480447114.267104,38391808
1480447117.443286,38391808
1480447120.612467,38391808
1480447123.80865,38391808
1480447127.068837,38391808
1480447130.345024,38391808
1480447133.443201,38391808
1480447136.73839,38391808
1480447140.003576,38391808
1480447143.21176,38391808
1480447146.461946,38391808
1480447149.572124,38391808
1480447152.699303,38391808
1480447155.896485,38391808
1480447159.051666,38391808
1480447162.357855,38391808
1480447165.645043,38391808
1480447169.026236,38391808
1480447172.084411,38391808
1480447175.234592,38391808
1480447178.368771,38391808
1480447181.50895,38391808
1480447184.741135,38391808
1480447187.97532,38391808
1480447191.133501,38391808
1480447194.450691,38391808
1480447197.886887,38391808
1480447201.068069,38391808
1480447204.429261,38391808
1480447207.758452,38391808
1480447211.086642,38391808
1480447214.340828,38391808
1480447217.681019,38391808
1480447220.888203,38391808
1480447224.188391,38391808
1480447227.382574,38391808
1480447230.513753,38391808
1480447233.545927,38391808
1480447237.134132,38391808
1480447240.373317,38391808
1480447243.704508,38391808
1480447247.156705,38391808
1480447250.468895,38391808
1480447253.816086,38391808
1480447256.889262,38391808
1480447260.066444,38391808
1480447263.286628,38391808
1480447266.569816,38391808
1480447269.664993,38391808
1480447272.714167,38391808
1480447275.928351,38391808
1480447279.184537,38391808
1480447282.688738,38391808
1480447285.844918,38391808
1480447289.351119,38391808
1480447292.613305,38391808
1480447295.832489,38391808
1480447298.860663,38391808
1480447302.061846,38391808
1480447305.28703,38391808
1480447308.484213,38391808
1480447311.817404,38391808
1480447315.014586,38391808
1480447318.22077,38391808
1480447321.418953,38391808
1480447324.536131,38391808
1480447327.853321,38391808
1480447331.078505,38391808
1480447334.211684,38391808
1480447337.440869,38391808
1480447340.751059,38391808
1480447343.978243,38391808
1480447347.494444,38391808
1480447351.09165,38391808
1480447354.286833,38391808
1480447357.412011,38391808
1480447360.809206,38391808
1480447364.078393,38391808
1480447367.328579,38391808
1480447370.377753,38391808
1480447373.702943,38391808
1480447376.864124,38391808
1480447380.079308,38391808
1480447383.373496,38391808
1480447386.556678,38391808
1480447390.018876,38391808
1480447393.269062,38391808
1480447396.310236,38391808
1480447399.489418,38391808
1480447402.853611,38391808
1480447405.99879,38391808
1480447409.155971,38391808
1480447412.435159,38391808
1480447415.635342,38391808
1480447418.974533,38391808
1480447422.284722,38391808
1480447425.458904,38391808
1480447428.54208,38391808
1480447431.880271,38391808
1480447435.117456,38391808
1480447438.399644,38391808
1480447441.771837,38391808
1480447445.122028,38391808
1480447448.29821,38391808
1480447451.482392,38391808
1480447454.665574,38391808
1480447457.91276,38391808
1480447461.148945,38391808
1480447464.510137,38391808
1480447467.651317,38391808
1480447470.913503,38391808
1480447474.113686,38391808
1480447477.198863,38391808
1480447480.410047,38391808
1480447483.61723,38391808
1480447486.819413,38391808
1480447489.993595,38391808
1480447493.278783,38391808
1480447496.451964,38391808
1480447499.581143,38391808
1480447502.736324,38391808
1480447505.892504,38391808
1480447509.175692,38391808
1480447512.513883,38391808
1480447515.725066,38391808
1480447518.972252,38391808
1480447522.25444,38391808
1480447525.40362,38391808
1480447528.656806,38391808
1480447531.894991,38391808
1480447535.070173,38391808
1480447538.33836,38391808
1480447541.648549,38391808
1480447544.80473,38391808
1480447547.895907,38391808
1480447551.040086,38391808
1480447554.118262,38391808
1480447557.362448,38391808
1480447560.571632,38391808
1480447563.732812,38391808
1480447566.83499,38391808
1480447569.965169,38391808
1480447573.265358,38391808
1480447576.46154,38391808
1480447579.580719,38391808
1480447582.853906,38391808
1480447586.166095,38391808
1480447589.353278,38391808
1480447592.565461,38391808
1480447595.801647,38391808
1480447599.139837,38391808
1480447602.50303,38391808
1480447605.884223,38391808
1480447609.076406,38391808
1480447612.28959,38391808
1480447615.566777,38391808
1480447618.781961,38391808
1480447621.985144,38391808
1480447625.148325,38391808
1480447628.685527,38391808
1480447631.961715,38391808
1480447635.160898,38391808
1480447638.424084,38391808
1480447641.803278,38391808
1480447644.938457,38391808
1480447648.113639,38391808
1480447651.261819,38391808
1480447654.408999,38391808
1480447657.708187,38391808
1480447660.885369,38391808
1480447663.994547,38391808
1480447667.261734,38391808
1480447670.621926,38391808
1480447674.004119,38391808
1480447677.227304,38391808
1480447680.611497,38391808
1480447683.921687,38391808
1480447687.186873,38391808
1480447690.399057,38391808
1480447693.822253,38391808
1480447697.174445,38391808
1480447700.448632,38391808
1480447703.539809,38391808
1480447706.887,38391808
1480447710.059182,38391808
1480447713.323368,38391808
1480447716.532552,38391808
1480447719.615728,38391808
1480447722.994922,38391808
1480447726.085098,38391808
1480447729.6133,38391808
1480447732.861486,38391808
1480447736.07667,38391808
1480447739.328856,38391808
1480447742.869058,38391808
1480447746.030239,38391808
1480447749.36943,38391808
1480447752.568613,38391808
1480447755.672791,38391808
1480447758.841972,38391808
1480447762.046155,38391808
1480447765.209336,38391808
1480447768.298513,38391808
1480447771.488695,38391808
1480447774.70988,38391808
1480447777.901062,38391808
1480447781.073243,38391808
1480447784.260426,38391808
1480447787.420607,38391808
1480447790.721795,38391808
1480447793.874976,38391808
1480447797.082159,38391808
1480447800.635362,38391808
1480447804.001555,38391808
1480447807.423751,38391808
1480447810.622934,38391808
1480447813.845118,38391808
1480447816.998298,38391808
1480447820.252484,38391808
1480447823.444667,38391808
1480447826.659851,38391808
1480447829.993042,38391808
1480447833.217226,38391808
1480447836.509414,38391808
1480447839.680596,38391808
1480447843.091791,38391808
1480447846.318975,38391808
1480447849.613164,38391808
1480447852.849349,38391808
1480447855.925525,38391808
1480447859.226714,38391808
1480447862.367893,38391808
1480447865.669082,38391808
1480447868.979271,38391808
1480447872.150453,38391808
1480447875.552647,38391808
1480447878.796833,38391808
1480447882.017017,38391808
1480447885.285204,38391808
1480447888.589393,38391808
1480447891.880581,38391808
1480447895.047762,38391808
1480447898.418955,38391808
1480447901.560135,38391808
1480447904.675313,38391808
1480447907.9405,38391808
1480447911.173685,38391808
1480447914.420871,38391808
1480447917.758061,38391808
1480447920.964245,38391808
1480447924.279434,38391808
1480447927.562622,38391808
1480447930.810808,38391808
1480447934.074995,38391808
1480447937.380184,38391808
1480447940.582367,38391808
1480447944.020564,38391808
1480447947.234747,38391808
1480447950.404929,38391808
1480447953.897128,38391808
1480447957.41333,38391808
1480447960.663515,38391808
1480447963.844697,38391808
1480447967.107884,38391808
1480447970.389072,38391808
1480447973.494249,38391808
1480447976.606427,38391808
1480447979.678603,38391808
1480447982.877786,38391808
1480447986.140973,38391808
1480447989.379158,38391808
1480447992.598342,38391808
1480447995.928533,38391808
1480447999.056711,38391808
1480448002.155889,38391808
1480448005.225064,38391808
1480448008.414247,38391808
1480448011.759438,38391808
1480448015.133631,38391808
1480448018.25781,38391808
1480448021.331986,38391808
1480448024.55917,38391808
1480448027.743352,38391808
1480448030.824528,38391808
1480448033.920706,38391808
1480448037.106888,38391808
1480448040.280069,38391808
1480448043.654262,38391808
1480448046.748439,38391808
1480448050.143633,38391808
1480448053.40682,38391808
1480448056.594002,38391808
1480448060.008198,38391808
1480448063.145377,38391808
1480448066.573573,38391808
1480448069.737754,38391808
1480448072.835931,38391808
1480448076.110119,38391808
1480448079.412308,38391808
1480448082.463482,38391808
1480448085.664665,38391808
1480448088.935852,38391808
1480448092.03703,38391808
1480448095.213211,38391808
1480448098.487399,38391808
1480448101.800588,38391808
1480448104.896765,38391808
1480448108.163952,38391808
1480448111.44914,38391808
1480448114.719327,38391808
1480448118.183525,38391808
1480448121.569719,38391808
1480448124.7319,38391808
1480448127.978085,38391808
1480448131.216271,38391808
1480448134.425454,38391808
1480448137.660639,38391808
1480448140.887824,38391808
1480448144.095007,38391808
1480448147.247187,38391808
1480448150.418369,38391808
1480448153.76156,38391808
1480448156.977744,38391808
1480448160.244931,38391808
1480448163.37911,38391808
1480448166.52929,38391808
1480448169.85348,38391808
1480448173.089666,38391808
1480448176.300849,38391808
1480448179.400026,38391808
1480448182.61421,38391808
1480449981.557003,38391808
1480449987.702354,38391808
1480449990.884536,38391808
1480449994.162724,38391808
1480449997.603921,38391808
1480450001.047118,38391808
1480450004.261301,38391808
1480450007.795504,38391808
1480450011.165696,38391808
1480450014.517888,38391808
1480450017.963085,38391808
1480450021.241273,38391808
1480450024.629466,38391808
1480450027.929655,38391808
1480450031.403854,38391808
1480450034.874052,38391808
1480450038.303249,38391808
1480450041.411426,38391808
1480450044.536605,38391808
1480450047.737788,38391808
1480450051.020976,38391808
1480450054.41317,38391808
1480450057.571351,38391808
1480450060.833537,38391808
1480450063.985717,38391808
1480450067.321908,38391808
1480450070.914114,38391808
1480450074.048293,38391808
1480450077.289478,38391808
1480450080.478661,38391808
1480450083.651842,38391808
1480450086.92603,38391808
1480450090.069209,38391808
1480450093.321395,38391808
1480450096.55458,38391808
1480450099.665758,38391808
1480450102.881942,38391808
1480450106.069125,38391808
1480450109.194303,38391808
1480450112.6415,38391808
1480450115.881686,38391808
1480450119.030866,38391808
1480450122.193047,38391808
1480450125.312225,38391808
1480450128.608414,38391808
1480450131.8586,38391808
1480450135.198791,38391808
1480450138.32697,38391808
1480450141.689162,38391808
1480450145.246365,38391808
1480450148.344543,38391808
1480450151.511724,38391808
1480450154.750909,38391808
1480450157.965093,38391808
1480450161.183277,38391808
1480450164.411462,38391808
1480450167.668648,38391808
1480450170.85483,38391808
1480450174.119017,38391808
1480450177.356202,38391808
1480450180.63839,38391808
1480450183.706565,38391808
1480450186.846745,38391808
1480450190.044928,38391808
1480450193.283113,38391808
1480450196.606303,38391808
1480450199.843488,38391808
1480450203.179679,38391808
1480450206.355861,38391808
1480450209.592046,38391808
1480450212.741226,38391808
1480450215.880405,38391808
1480450219.270599,38391808
1480450222.556787,38391808
1480450226.020985,38391808
1480450229.270171,38391808
1480450232.409351,38391808
1480450235.504528,38391808
1480450238.836718,38391808
1480450242.222912,38391808
1480450245.411094,38391808
1480450248.891293,38391808
1480450252.028473,38391808
1480450255.288659,38391808
1480450258.709855,38391808
1480450262.171053,38391808
1480450265.358235,38391808
1480450268.59542,38391808
1480450271.90661,38391808
1480450275.06079,38391808
1480450278.19897,38391808
1480450281.415154,38391808
1480450284.645338,38391808
1480450287.845522,38391808
1480450290.944699,38391808
1480450294.4639,38391808
1480450297.678084,38391808
1480450300.93227,38391808
1480450304.25546,38391808
1480450307.607652,38391808
1480450310.711829,38391808
1480450314.013018,38391808
1480450317.321207,38391808
1480450320.645398,38391808
1480450323.897584,38391808
1480450327.307779,38391808
1480450330.47496,38391808
1480450333.932158,38391808
1480450337.257348,38391808
1480450340.483532,38391808
1480450343.855725,38391808
1480450347.292922,38391808
1480450350.474104,38391808
1480450353.983304,38391808
1480450357.487505,38391808
1480450360.922701,38391808
1480450364.188888,38391808
1480450367.387071,38391808
1480450370.581254,38391808
1480450374.057453,38391808
1480450377.33864,38391808
1480450380.522822,38391808
1480450383.701004,38391808
1480450386.931189,38391808
1480450390.242378,38391808
1480450393.41856,38391808
1480450396.829755,38391808
1480450400.034938,38391808
1480450403.38713,38391808
1480450406.662317,38391808
1480450409.908503,38391808
1480450413.268695,38391808
1480450416.49888,38391808
1480450419.754066,38391808
1480450423.007252,38391808
1480450426.413447,38391808
1480450429.624631,38391808
1480450432.849815,38391808
1480450436.179006,38391808
1480450439.5712,38391808
1480450442.814385,38391808
1480450446.175577,38391808
1480450449.592773,38391808
1480450452.709951,38391808
1480450455.868132,38391808
1480450459.185322,38391808
1480450462.343502,38391808
1480450465.751697,38391808
1480450468.813872,38391808
1480450471.92205,38391808
1480450475.052229,38391808
1480450478.158407,38391808
1480450481.418593,38391808
1480450484.814788,38391808
1480450487.948967,38391808
1480450491.176151,38391808
1480450494.638349,38391808
1480450498.043544,38391808
1480450501.177723,38391808
1480450504.523915,38391808
1480450507.788102,38391808
1480450511.025287,38391808
1480450514.380479,38391808
1480450517.587662,38391808
1480450520.843848,38391808
1480450524.038031,38391808
1480450527.126208,38391808
1480450530.260387,38391808
1480450533.64258,38391808
1480450536.809761,38391808
1480450539.918939,38391808
1480450542.983115,38391808
1480450546.309305,38391808
1480450549.582492,38391808
1480450552.820677,38391808
1480450556.053862,38391808
1480450559.217043,38391808
1480450562.458228,38391808
1480450565.551405,38391808
1480450568.891596,38391808
1480450572.238788,38391808
1480450575.471973,38391808
1480450578.654155,38391808
1480450582.06435,38391808
1480450585.428542,38391808
1480450588.872739,38391808
1480450592.364939,38391808
1480450595.635126,38391808
1480450598.861311,38391808
1480450602.1715,38391808
1480450605.342681,38391808
1480450608.738876,38391808
1480450612.255077,38391808
1480450615.488262,38391808
1480450618.816452,38391808
1480450622.180644,38391808
1480450625.500834,38391808
1480450628.836025,38391808
1480450632.192217,38391808
1480450635.466404,38391808
1480450638.743592,38391808
1480450642.002778,38391808
1480450645.236963,38391808
1480450648.457147,38391808
1480450651.700333,38391808
1480450655.097527,38391808
1480450658.426718,38391808
1480450661.899916,38391808
1480450665.074098,38391808
1480450668.25928,38391808
1480450671.429461,38391808
1480450674.580642,38391808
1480450677.658818,38391808
1480450680.981008,38391808
1480450684.129188,38391808
1480450687.452378,38391808
1480450690.693563,38391808
1480450694.059756,38391808
1480450697.345944,38391808
1480450700.43012,38391808
1480450703.633303,38391808
1480450706.867488,38391808
1480450710.04867,38391808
1480450713.181849,38391808
1480450716.253025,38391808
1480450719.534213,38391808
1480450722.755397,38391808
1480450726.017584,38391808
1480450729.246768,38391808
1480450732.410949,38391808
1480450735.57113,38391808
1480450738.730311,38391808
1480450742.079502,38391808
1480450745.18568,38391808
1480450748.528871,38391808
1480450751.691052,38391808
1480450755.064245,38391808
1480450758.240427,38391808
1480450761.500613,38391808
1480450764.653793,38391808
1480450767.777972,38391808
1480450771.025158,38391808
1480450774.321346,38391808
1480450777.683539,38391808
1480450780.917724,38391808
1480450784.259915,38391808
1480450787.378093,38391808
1480450790.557275,38391808
1480450793.861464,38391808
1480450797.145652,38391808
1480450800.355835,38391808
1480450803.547018,38391808
1480450806.681197,38391808
1480450809.997387,38391808
1480450813.093564,38391808
1480450816.330749,38391808
1480450819.445927,38391808
1480450822.749116,38391808
1480450826.027304,38391808
1480450829.27649,38391808
1480450832.61368,38391808
1480450835.802863,38391808
1480450838.940042,38391808
1480450842.129225,38391808
1480450845.357409,38391808
1480450848.621596,38391808
1480450851.942786,38391808
1480450855.287977,38391808
1480450858.394155,38391808
1480450861.747347,38391808
1480450865.068537,38391808
1480450868.161714,38391808
1480450871.490904,38391808
1480450874.683087,38391808
1480450877.853268,38391808
1480450881.299465,38391808
1480450884.443645,38391808
1480450887.797837,38391808
1480450890.967018,38391808
1480450894.198203,38391808
1480450897.682402,38391808
1480450900.753578,38391808
1480450904.025765,38391808
1480450907.211947,38391808
1480450910.455133,38391808
1480450913.962333,38391808
1480450917.115514,38391808
1480450920.493707,38391808
1480450924.186918,38391808
1480450927.435104,38391808
1480450930.639287,38391808
1480450933.860471,38391808
1480450937.096657,38391808
1480450940.343842,38391808
1480450943.512024,38391808
1480450946.817213,38391808
1480450950.109401,38391808
1480450953.483594,38391808
1480450956.823785,38391808
1480450959.968965,38391808
1480450963.372159,38391808
1480450966.515339,38391808
1480450969.690521,38391808
1480450973.078715,38391808
1480450976.261897,38391808
1480450979.752096,38391808
1480450982.905277,38391808
1480450986.145462,38391808
1480450989.417649,38391808
1480450992.734839,38391808
1480450996.012026,38391808
1480450999.168207,38391808
1480451002.420393,38391808
1480451005.652578,38391808
1480451008.985768,38391808
1480451012.142949,38391808
1480451015.359133,38391808
1480451018.583317,38391808
1480451021.823503,38391808
1480451025.005685,38391808
1480451028.388878,38391808
1480451031.788073,38391808
1480451034.916252,38391808
1480451038.291445,38391808
1480451041.542631,38391808
1480451044.663809,38391808
1480451047.82199,38391808
1480451051.195183,38391808
1480451054.335362,38391808
1480451057.508544,38391808
1480451060.694726,38391808
1480451063.944912,38391808
1480451067.2281,38391808
1480451070.469285,38391808
1480451073.686469,38391808
1480451076.920654,38391808
1480451080.235844,38391808
1480451083.397024,38391808
1480451086.696213,38391808
1480451089.9664,38391808
1480451093.099579,38391808
1480451096.209757,38391808
1480451099.455943,38391808
1480451102.702129,38391808
1480451105.903312,38391808
1480451109.303506,38391808
1480451112.852709,38391808
1480451116.039892,38391808
1480451119.278077,38391808
1480451122.566265,38391808
1480451126.058465,38391808
1480451129.214645,38391808
1480451132.514834,38391808
1480451135.755019,38391808
1480451138.973203,38391808
1480451142.038379,38391808
1480451145.258563,38391808
1480451148.449745,38391808
1480451151.612926,38391808
1480451154.699103,38391808
1480451158.170301,38391808
1480451161.486491,38391808
1480451164.780679,38391808
1480451168.229877,38391808
1480451171.552067,38391808
1480451174.689246,38391808
1480451178.059439,38391808
1480451181.298624,38391808
1480451184.655816,38391808
1480451188.135015,38391808
1480451191.443204,38391808
1480451194.698391,38391808
1480451198.083584,38391808
1480451201.368772,38391808
1480451204.65496,38391808
1480451207.990151,38391808
1480451211.374344,38391808
1480451214.704535,38391808
1480451217.799712,38391808
1480451221.042897,38391808
1480451224.283083,38391808
1480451227.768282,38391808
1480451231.361488,38391808
1480451234.613674,38391808
1480451237.953865,38391808
1480451241.359059,38391808
1480451244.614246,38391808
1480451247.951436,38391808
1480451251.066615,38391808
1480451254.239796,38391808
1480451257.45198,38391808
1480451260.538156,38391808
1480451263.707338,38391808
1480451266.968524,38391808
1480451270.228711,38391808
1480451273.557901,38391808
1480451276.839089,38391808
1480451279.904264,38391808
1480451283.246455,38391808
1480451286.614648,38391808
1480451289.833832,38391808
1480451293.156022,38391808
1480451296.277201,38391808
1480451299.361377,38391808
1480451302.443553,38391808
1480451305.684739,38391808
1480451308.766915,38391808
1480451312.109106,38391808
1480451315.293288,38391808
1480451318.448469,38391808
1480451321.691654,38391808
1480451324.921839,38391808
1480451328.064019,38391808
1480451331.2372,38391808
1480451334.368379,38391808
1480451337.519559,38391808
1480451340.750744,38391808
1480451343.873923,38391808
1480451347.082106,38391808
1480451350.4613,38391808
1480451353.716486,38391808
1480451357.202685,38391808
1480451360.453871,38391808
1480451363.782062,38391808
1480451367.043248,38391808
1480451370.277433,38391808
1480451373.593623,38391808
1480451376.668799,38391808
1480451379.866982,38391808
1480451383.096166,38391808
1480451386.337352,38391808
1480451389.542535,38391808
1480451392.751719,38391808
1480451396.262919,38391808
1480451399.724117,38391808
1480451402.788293,38391808
1480451406.127484,38391808
1480451409.293665,38391808
1480451412.511849,38391808
1480451415.624027,38391808
1480451418.907215,38391808
1480451421.984391,38391808
1480451425.103569,38391808
1480451428.175745,38391808
1480451431.371928,38391808
1480451434.657115,38391808
1480451437.729291,38391808
1480451440.828468,38391808
1480451444.114656,38391808
1480451447.439847,38391808
1480451450.81504,38391808
1480451453.990221,38391808
1480451457.443419,38391808
1480451460.561597,38391808
1480451463.75478,38391808
1480451467.027967,38391808
1480451470.132144,38391808
1480451473.354329,38391808
1480451476.593514,38391808
1480451480.123716,38391808
1480451483.353901,38391808
1480451486.499081,38391808
1480451489.689263,38391808
1480451493.075457,38391808
1480451496.360645,38391808
1480451499.679834,38391808
1480451503.10203,38391808
1480451506.356216,38391808
1480451509.442393,38391808
1480451512.588573,38391808
1480451515.734753,38391808
1480451518.977938,38391808
1480451522.204123,38391808
1480451525.258297,38391808
1480451528.571487,38391808
1480451531.993683,38391808
1480451535.175865,38391808
1480451538.336046,38391808
1480451541.399221,38391808
1480451544.632406,38391808
1480451548.007599,38391808
1480451551.555802,38391808
1480451554.651979,38391808
1480451557.965168,38391808
1480451561.158351,38391808
1480451564.417537,38391808
1480451567.596719,38391808
1480451570.724898,38391808
1480451573.864078,38391808
1480451576.988256,38391808
1480451580.145437,38391808
1480451583.326619,38391808
1480451586.652809,38391808
1480451589.925996,38391808
1480451593.084177,38391808
1480451596.506373,38391808
1480451599.730557,38391808
1480451602.860736,38391808
1480451606.040918,38391808
1480451609.254102,38391808
1480451612.53729,38391808
1480451615.768474,38391808
1480451618.915654,38391808
1480451622.33085,38391808
1480451625.468029,38391808
1480451628.732216,38391808
1480451632.236416,38391808
1480451635.546606,38391808
1480451638.906798,38391808
1480451642.240989,38391808
1480451645.58918,38391808
1480451648.986374,38391808
1480451652.274562,38391808
1480451655.509747,38391808
1480451658.995947,38391808
1480451662.158128,38391808
1480451665.307308,38391808
1480451668.348482,38391808
1480451671.538664,38391808
1480451674.734847,38391808
1480451678.056037,38391808
1480451681.344225,38391808
1480451684.563409,38391808
1480451687.755592,38391808
1480451690.908772,38391808
1480451694.120956,38391808
1480451697.147129,38391808
1480451700.333311,38391808
1480451703.644501,38391808
1480451979.054203,38391808
1480451982.346391,38391808
1480451985.483571,38391808
1480451988.718756,38391808
1480451992.064947,38391808
1480451995.290131,38391808
1480451998.475314,38391808
1480452001.639495,38391808
1480452004.954684,38391808
1480452008.02686,38391808
1480452011.34605,38391808
1480452014.521231,38391808
1480452017.918426,38391808
1480452021.299619,38391808
1480452024.702814,38391808
1480452027.881996,38391808
1480452031.184184,38391808
1480452034.443371,38391808
1480452037.802563,38391808
1480452041.141754,38391808
1480452044.480945,38391808
1480452047.876139,38391808
1480452051.096323,38391808
1480452054.305507,38391808
1480452057.640698,38391808
1480452060.731875,38391808
1480452063.946058,38391808
1480452067.106239,38391808
1480452070.383427,38391808
1480452073.738618,38391808
1480452077.103811,38391808
1480452080.343996,38391808
1480452083.55918,38391808
1480452086.991376,38391808
1480452090.316567,38391808
1480452093.493748,38391808
1480452096.888943,38391808
1480452100.072125,38391808
1480452103.207304,38391808
1480452106.27648,38391808
1480452109.648672,38391808
1480452112.827854,38391808
1480452115.90603,38391808
1480452119.094213,38391808
1480452122.308396,38391808
1480452125.707591,38391808
1480452128.973778,38391808
1480452132.146959,38391808
1480452135.346142,38391808
1480452138.62433,38391808
1480452141.852514,38391808
1480452145.003695,38391808
1480452148.133874,38391808
1480452151.38906,38391808
1480452154.70925,38391808
1480452158.04044,38391808
1480452161.151618,38391808
1480452164.462808,38391808
1480452167.705993,38391808
1480452170.919177,38391808
1480452174.108359,38391808
1480452177.651562,38391808
1480452181.070757,38391808
1480452184.123932,38391808
1480452187.290113,38391808
1480452190.409292,38391808
1480452193.836488,38391808
1480452196.992668,38391808
1480452200.117847,38391808
1480452203.264027,38391808
1480452206.47221,38391808
1480452209.96541,38391808
1480452213.2866,38391808
1480452216.728797,38391808
1480452219.848975,38391808
1480452223.086161,38391808
1480452226.363348,38391808
1480452229.465526,38391808
1480452232.626706,38391808
1480452235.66288,38391808
1480452238.953068,38391808
1480452242.176253,38391808
1480452245.27843,38391808
1480452248.507615,38391808
1480452251.56579,38391808
1480452254.972984,38391808
1480452258.149166,38391808
1480452261.402352,38391808
1480452264.549532,38391808
1480452267.862722,38391808
1480452271.188912,38391808
1480452274.504102,38391808
1480452277.701284,38391808
1480452280.888467,38391808
1480452284.062648,38391808
1480452287.315834,38391808
1480452290.477015,38391808
1480452293.7092,38391808
1480452296.906383,38391808
1480452300.021561,38391808
1480452303.111738,38391808
1480452306.457929,38391808
1480452309.844123,38391808
1480452313.024305,38391808
1480452316.371496,38391808
1480452319.464673,38391808
1480452322.818865,38391808
1480452326.170057,38391808
1480452329.331238,38391808
1480452332.464417,38391808
1480452335.711602,38391808
1480452338.879784,38391808
1480452342.094968,38391808
1480452345.226147,38391808
1480452348.408329,38391808
1480452351.435502,38391808
1480452354.621684,38391808
1480452357.807866,38391808
1480452361.097054,38391808
1480452364.197232,38391808
1480452367.31541,38391808
1480452370.580597,38391808
1480452373.742778,38391808
1480452376.965962,38391808
1480452380.155144,38391808
1480452383.341327,38391808
1480452386.647516,38391808
1480452389.800696,38391808
1480452392.964877,38391808
1480452396.133058,38391808
1480452399.263237,38391808
1480452402.336413,38391808
1480452405.684605,38391808
1480452408.853786,38391808
1480452411.990965,38391808
1480452415.22115,38391808
1480452418.629345,38391808
1480452421.836529,38391808
1480452425.112716,38391808
1480452428.316899,38391808
1480452431.670091,38391808
1480452434.767268,38391808
1480452438.013454,38391808
1480452441.186635,38391808
1480452444.402819,38391808
1480452447.819015,38391808
1480452450.951194,38391808
1480452454.173378,38391808
1480452457.34656,38391808
1480452460.570744,38391808
1480452464.010941,38391808
1480452467.127119,38391808
1480452470.241297,38391808
1480452473.528485,38391808
1480452476.746669,38391808
1480452479.924851,38391808
1480452483.300044,38391808
1480452486.521228,38391808
1480452489.87942,38391808
1480452492.934595,38391808
1480452496.120777,38391808
1480452499.294959,38391808
1480452502.540144,38391808
1480452505.636322,38391808
1480452508.961512,38391808
1480452512.113692,38391808
1480452515.195868,38391808
1480452518.37505,38391808
1480452521.479228,38391808
1480452524.758415,38391808
1480452528.119608,38391808
1480452531.423797,38391808
1480452534.765988,38391808
1480452537.979171,38391808
1480452541.183355,38391808
1480452544.313534,38391808
1480452547.626723,38391808
1480452550.857908,38391808
1480452554.173098,38391808
1480452557.404283,38391808
1480452560.527461,38391808
1480452563.744645,38391808
1480452566.966829,38391808
1480452570.195014,38391808
1480452573.361195,38391808
1480452576.59238,38391808
1480452579.894569,38391808
1480452583.160756,38391808
1480452586.369939,38391808
1480452589.52212,38391808
1480452592.750304,38391808
1480452596.035492,38391808
1480452599.291678,38391808
1480452602.535864,38391808
1480452605.858054,38391808
1480452609.090239,38391808
1480452612.220418,38391808
1480452615.463603,38391808
1480452618.771793,38391808
1480452621.981976,38391808
1480452625.183159,38391808
1480452628.52435,38391808
1480452631.683531,38391808
1480452634.972719,38391808
1480452638.149901,38391808
1480452641.525094,38391808
1480452644.812282,38391808
1480452648.253479,38391808
1480452651.402659,38391808
1480452654.550839,38391808
1480452657.778024,38391808
1480452660.905202,38391808
1480452663.977378,38391808
1480452667.101557,38391808
1480452670.217735,38391808
1480452673.44892,38391808
1480452676.869116,38391808
1480452680.122302,38391808
1480452683.367487,38391808
1480452686.57167,38391808
1480452689.667848,38391808
1480452693.147047,38391808
1480452696.35623,38391808
1480452699.534412,38391808
1480452702.733595,38391808
1480452705.853773,38391808
1480452708.998953,38391808
1480452712.175135,38391808
1480452715.290313,38391808
1480452718.455494,38391808
1480452721.619675,38391808
1480452724.85886,38391808
1480452728.042042,38391808
1480452731.642248,38391808
1480452734.879434,38391808
1480452738.193623,38391808
1480452741.308801,38391808
1480452744.537986,38391808
1480452747.731169,38391808
1480452750.957353,38391808
1480452754.203539,38391808
1480452757.358719,38391808
1480452760.624906,38391808
1480452763.809088,38391808
1480452766.964269,38391808
1480452770.008443,38391808
1480452773.27863,38391808
1480452776.77883,38391808
1480452779.967012,38391808
1480452783.2512,38391808
1480452786.431382,38391808
1480452789.689569,38391808
1480452792.808747,38391808
1480452795.953927,38391808
1480452799.14911,38391808
1480452802.239286,38391808
1480452805.751487,38391808
1480452809.003673,38391808
1480452812.167854,38391808
1480452815.452042,38391808
1480452818.747231,38391808
1480452821.960414,38391808
1480452825.432613,38391808
1480452828.788805,38391808
1480452832.086993,38391808
1480452835.250174,38391808
1480452838.345351,38391808
1480452841.558535,38391808
1480452844.765719,38391808
1480452847.959901,38391808
1480452851.194086,38391808
1480452854.516276,38391808
1480452857.746461,38391808
1480452861.04765,38391808
1480452864.274835,38391808
1480452867.357011,38391808
1480452870.585195,38391808
1480452873.839382,38391808
1480452877.024564,38391808
1480452880.196745,38391808
1480452883.415929,38391808
1480452886.709118,38391808
1480452889.963304,38391808
1480452893.142486,38391808
1480452896.273665,38391808
1480452899.456847,38391808
1480452902.750035,38391808
1480452906.169231,38391808
1480452909.534423,38391808
1480452912.766608,38391808
1480452915.94579,38391808
1480452919.139973,38391808
1480452922.201148,38391808
1480452925.38333,38391808
1480452928.466506,38391808
1480452931.613686,38391808
1480452934.930876,38391808
1480452938.063055,38391808
1480452941.340242,38391808
1480452944.511424,38391808
1480452947.679605,38391808
1480452950.893789,38391808
1480452954.143975,38391808
1480452957.287155,38391808
1480452960.52934,38391808
1480452963.693521,38391808
1480452966.845701,38391808
1480452970.041884,38391808
1480452973.333072,38391808
1480452976.61926,38391808
1480452979.823444,38391808
1480452982.931621,38391808
1480452986.097802,38391808
1480452989.169978,38391808
1480452992.410163,38391808
1480452995.703352,38391808
1480452998.970539,38391808
1480453002.13972,38391808
1480453005.423908,38391808
1480453008.755098,38391808
1480453011.874277,38391808
1480453015.143464,38391808
1480453018.317645,38391808
1480453021.528829,38391808
1480453024.732012,38391808
1480453028.051202,38391808
1480453031.348391,38391808
1480453034.416566,38391808
1480453037.655751,38391808
1480453040.847934,38391808
1480453043.965112,38391808
1480453047.089291,38391808
1480453050.279473,38391808
1480453053.433654,38391808
1480453056.635837,38391808
1480453059.931025,38391808
1480453063.179211,38391808
1480453066.243386,38391808
1480453069.393567,38391808
1480453072.496744,38391808
1480453075.772932,38391808
1480453079.314134,38391808
1480453082.595322,38391808
1480453085.959514,38391808
1480453089.224701,38391808
1480453092.507889,38391808
1480453095.611066,38391808
1480453098.953257,38391808
1480453102.31245,38391808
1480453105.391626,38391808
1480453108.595809,38391808
1480453111.690986,38391808
1480453114.927171,38391808
1480453118.390369,38391808
1480453121.918571,38391808
1480453125.083752,38391808
1480453128.317937,38391808
1480453131.766134,38391808
1480453134.952316,38391808
1480453138.205502,38391808
1480453141.531693,38391808
1480453144.844882,38391808
1480453148.014063,38391808
1480453151.220247,38391808
1480453154.297423,38391808
1480453157.414601,38391808
1480453160.842797,38391808
1480453164.083983,38391808
1480453167.281166,38391808
1480453170.438346,38391808
1480453173.491521,38391808
1480453176.676703,38391808
1480453180.028895,38391808
1480453183.171074,38391808
1480453186.483264,38391808
1480453189.760451,38391808
1480453193.251651,38391808
1480453196.575841,38391808
1480453199.916032,38391808
1480453203.121215,38391808
1480453206.334399,38391808
1480453209.788597,38391808
1480453212.979779,38391808
1480453216.216964,38391808
1480453219.45915,38391808
1480453222.822342,38391808
1480453225.977523,38391808
1480453229.033698,38391808
1480453232.237881,38391808
1480453235.474066,38391808
1480453238.645247,38391808
1480453241.895433,38391808
1480453245.145619,38391808
1480453248.429807,38391808
1480453251.512983,38391808
1480453254.615161,38391808
1480453257.820344,38391808
1480453260.951523,38391808
1480453264.39172,38391808
1480453267.488897,38391808
1480453270.760084,38391808
1480453274.00627,38391808
1480453277.113448,38391808
1480453280.436638,38391808
1480453283.724826,38391808
1480453287.068017,38391808
1480453290.318203,38391808
1480453293.463383,38391808
1480453296.712569,38391808
1480453299.920752,38391808
1480453303.234942,38391808
1480453306.53713,38391808
1480453309.804317,38391808
1480453313.052503,38391808
1480453316.286688,38391808
1480453319.593877,38391808
1480453322.776059,38391808
1480453325.901238,38391808
1480453329.057419,38391808
1480453332.299604,38391808
1480453335.473786,38391808
1480453338.978986,38391808
1480453342.046161,38391808
1480453345.183341,38391808
1480453348.296519,38391808
1480453351.513703,38391808
1480453354.576878,38391808
1480453357.725058,38391808
1480453360.919241,38391808
1480453364.131425,38391808
1480453367.290605,38391808
1480453370.597795,38391808
1480453373.741974,38391808
1480453377.003161,38391808
1480453380.258347,38391808
1480453383.544535,38391808
1480453386.737718,38391808
1480453389.840895,38391808
1480453393.081081,38391808
1480453396.229261,38391808
1480465440.696011,38391808
1480465445.22727,38391808
1480465448.395451,38391808
1480465451.513629,38391808
1480465454.907824,38391808
1480465458.256015,38391808
1480465461.719213,38391808
1480465465.108407,38391808
1480465468.357593,38391808
1480465471.423768,38391808
1480465474.59495,38391808
1480465477.799133,38391808
1480465481.023317,38391808
1480465484.317506,38391808
1480465487.621695,38391808
1480465490.86488,38391808
1480465494.023061,38391808
1480465497.229244,38391808
1480465500.544434,38391808
1480465504.213644,38391808
1480465507.402826,38391808
1480465510.698015,38391808
1480465513.983203,38391808
1480465517.053378,38391808
1480465520.803593,38391808
1480465524.140783,38391808
1480465527.300964,38391808
1480465530.515148,38391808
1480465533.747333,38391808
1480465536.953516,38391808
1480465540.360711,38391808
1480465543.48189,38391808
1480465546.795079,38391808
1480465550.063266,38391808
1480465553.27845,38391808
1480465556.479633,38391808
1480465559.603812,38391808
1480465562.786994,38391808
1480465566.04618,38391808
1480465569.345369,38391808
1480465572.50655,38391808
1480465575.720734,38391808
1480465578.943918,38391808
1480465582.274109,38391808
1480465585.425289,38391808
1480465588.661474,38391808
1480465592.012666,38391808
1480465595.324855,38391808
1480465598.683047,38391808
1480465602.05624,38391808
1480465605.493437,38391808
1480465608.763624,38391808
1480465612.085814,38391808
1480465615.373002,38391808
1480465618.690191,38391808
1480465621.98338,38391808
1480465625.143561,38391808
1480465628.488752,38391808
1480465631.702936,38391808
1480465635.067128,38391808
1480465638.133303,38391808
1480465641.233481,38391808
1480465644.521669,38391808
1480465647.702851,38391808
1480465650.917035,38391808
1480465654.062215,38391808
1480465657.423407,38391808
1480465660.775599,38391808
1480465663.933779,38391808
1480465667.127962,38391808
1480465670.456152,38391808
1480465673.773342,38391808
1480465676.965525,38391808
1480465680.191709,38391808
1480465683.417894,38391808
1480465686.652079,38391808
1480465689.81726,38391808
1480465692.980441,38391808
1480465696.073617,38391808
1480465699.334804,38391808
1480465702.491985,38391808
1480465705.679167,38391808
1480465709.021358,38391808
1480465712.300546,38391808
1480465715.460726,38391808
1480465718.703912,38391808
1480465721.81409,38391808
1480465725.092277,38391808
1480465728.245458,38391808
1480465731.489643,38391808
1480465734.777831,38391808
1480465738.199027,38391808
1480465741.413211,38391808
1480465744.748402,38391808
1480465747.998587,38391808
1480465751.236773,38391808
1480465754.428955,38391808
1480465757.579135,38391808
1480465760.923327,38391808
1480465764.12351,38391808
1480465767.352694,38391808
1480465770.444871,38391808
1480465773.724059,38391808
1480465776.931242,38391808
1480465780.012419,38391808
1480465783.101595,38391808
1480465786.468788,38391808
1480465789.764976,38391808
1480465792.949158,38391808
1480465796.11834,38391808
1480465799.516534,38391808
1480465802.744719,38391808
1480465806.09491,38391808
1480465809.206088,38391808
1480465812.339268,38391808
1480465815.679459,38391808
1480465818.819638,38391808
1480465822.049823,38391808
1480465825.204003,38391808
1480465828.270179,38391808
1480465831.489363,38391808
1480465834.571539,38391808
1480465837.811724,38391808
1480465841.198918,38391808
1480465844.3801,38391808
1480465847.505279,38391808
1480465850.553453,38391808
1480465853.950648,38391808
1480465857.086827,38391808
1480465860.358014,38391808
1480465863.420189,38391808
1480465866.734379,38391808
1480465870.065569,38391808
1480465873.22575,38391808
1480465876.406932,38391808
1480465879.680119,38391808
1480465882.854301,38391808
1480465885.900475,38391808
1480465889.13666,38391808
1480465892.320842,38391808
1480465895.522025,38391808
1480465898.5732,38391808
1480465901.625374,38391808
1480465904.804556,38391808
1480465908.043741,38391808
1480465911.380932,38391808
1480465914.458108,38391808
1480465917.568286,38391808
1480465920.742468,38391808
1480465924.148663,38391808
1480465927.298843,38391808
1480465930.473024,38391808
1480465933.608204,38391808
1480465936.783385,38391808
1480465940.049572,38391808
1480465943.243755,38391808
1480465946.331931,38391808
1480465949.608119,38391808
1480465952.785301,38391808
1480465956.185495,38391808
1480465959.438681,38391808
1480465962.656865,38391808
1480465965.845048,38391808
1480465969.20924,38391808
1480465972.295416,38391808
1480465975.534602,38391808
1480465978.83279,38391808
1480465982.104978,38391808
1480465985.503172,38391808
1480465988.645352,38391808
1480465991.794532,38391808
1480465995.002715,38391808
1480465998.292903,38391808
1480466001.413082,38391808
1480466004.52226,38391808
1480466007.631438,38391808
1480466010.980629,38391808
1480466014.289818,38391808
1480466017.492002,38391808
1480466020.766189,38391808
1480466023.984373,38391808
1480466027.203557,38391808
1480466030.57975,38391808
1480466033.793934,38391808
1480466037.013118,38391808
1480466040.235302,38391808
1480466043.469487,38391808
1480466046.632668,38391808
1480466049.910856,38391808
1480466053.13304,38391808
1480466056.226217,38391808
1480466059.407399,38391808
1480466062.606582,38391808
1480466065.970774,38391808
1480466069.141956,38391808
1480466072.240133,38391808
1480466075.629327,38391808
1480466078.859512,38391808
1480466082.028693,38391808
1480466085.228876,38391808
1480466088.430059,38391808
1480466091.484234,38391808
1480466094.682417,38391808
1480466097.808595,38391808
1480466100.996778,38391808
1480466104.172959,38391808
1480466107.365142,38391808
1480466110.680332,38391808
1480466114.005522,38391808
1480466117.156702,38391808
1480466120.253879,38391808
1480466123.375058,38391808
1480466126.705248,38391808
1480466129.918432,38391808
1480466133.246622,38391808
1480466136.506809,38391808
1480466139.875001,38391808
1480466143.090185,38391808
1480466146.31637,38391808
1480466149.556555,38391808
1480466152.685734,38391808
1480466155.879917,38391808
1480466159.273111,38391808
1480466162.436292,38391808
1480466165.639475,38391808
1480466168.839658,38391808
1480466172.098845,38391808
1480466175.536041,38391808
1480466178.810228,38391808
1480466182.074415,38391808
1480466185.2986,38391808
1480466188.442779,38391808
1480466191.528956,38391808
1480466194.725139,38391808
1480466197.914321,38391808
1480466201.139506,38391808
1480466204.379691,38391808
1480466207.590875,38391808
1480466210.648049,38391808
1480466214.199253,38391808
1480466217.47344,38391808
1480466220.79363,38391808
1480466223.93881,38391808
1480466227.239998,38391808
1480466230.649193,38391808
1480466233.91738,38391808
1480466237.120564,38391808
1480466240.293745,38391808
1480466243.620935,38391808
1480466247.074133,38391808
1480466250.259315,38391808
1480466253.4965,38391808
1480466256.662681,38391808
1480466259.819862,38391808
1480466263.209056,38391808
1480466266.408239,38391808
1480466269.599421,38391808
1480466272.923611,38391808
1480466276.155796,38391808
1480466279.296976,38391808
1480466282.670169,38391808
1480466286.01236,38391808
1480466289.292548,38391808
1480466292.48473,38391808
1480466295.643911,38391808
1480466298.878096,38391808
1480466302.123282,38391808
1480466305.345466,38391808
1480466308.584651,38391808
1480466311.70683,38391808
1480466314.912013,38391808
1480466318.061193,38391808
1480466321.194372,38391808
1480466324.46956,38391808
1480466327.929758,38391808
1480466331.010934,38391808
1480466334.192116,38391808
1480466337.464303,38391808
1480466340.830495,38391808
1480466344.003677,38391808
1480466347.142857,38391808
1480466350.543051,38391808
1480466353.730233,38391808
1480466357.134428,38391808
1480466360.31461,38391808
1480466363.429788,38391808
1480466366.532966,38391808
1480466369.803153,38391808
1480466373.088341,38391808
1480466376.246521,38391808
1480466379.360699,38391808
1480466382.987907,38391808
1480466386.161088,38391808
1480466389.536281,38391808
1480466392.83347,38391808
1480466395.943648,38391808
1480466399.038825,38391808
1480466402.515024,38391808
1480466405.791211,38391808
1480466409.061398,38391808
1480466412.260581,38391808
1480466415.418762,38391808
1480466418.633946,38391808
1480466421.895132,38391808
1480466425.285326,38391808
1480466428.342501,38391808
1480466431.540684,38391808
1480466434.713865,38391808
1480466437.931049,38391808
1480466441.107231,38391808
1480466444.336416,38391808
1480466447.684607,38391808
1480466450.825787,38391808
1480466454.054972,38391808
1480466457.330159,38391808
1480466460.66535,38391808
1480466463.81353,38391808
1480466467.251726,38391808
1480466470.354904,38391808
1480466473.749098,38391808
1480466477.088289,38391808
1480466480.213468,38391808
1480466483.447653,38391808
1480466486.700839,38391808
1480466489.969026,38391808
1480466493.202211,38391808
1480466496.411394,38391808
1480466499.568575,38391808
1480466502.712755,38391808
1480466505.883936,38391808
1480466508.957112,38391808
1480466512.108292,38391808
1480466515.281473,38391808
1480466518.349649,38391808
1480466521.677839,38391808
1480466524.951027,38391808
1480466528.352221,38391808
1480466531.568405,38391808
1480466534.943598,38391808
1480466538.084778,38391808
1480466541.222957,38391808
1480466544.366137,38391808
1480466547.650325,38391808
1480466550.943513,38391808
1480466554.2137,38391808
1480466557.387882,38391808
1480466560.542062,38391808
1480466563.809249,38391808
1480466567.124439,38391808
1480466570.458629,38391808
1480466573.880825,38391808
1480466577.001004,38391808
1480466580.26619,38391808
1480466583.441372,38391808
1480466586.938572,38391808
1480466590.116754,38391808
1480466593.212931,38391808
1480466596.283107,38391808
1480466599.454288,38391808
1480466602.594468,38391808
1480466605.725647,38391808
1480466608.858826,38391808
1480466611.922001,38391808
1480466615.083182,38391808
1480466618.147357,38391808
1480466621.226533,38391808
1480466624.31971,38391808
1480466627.406887,38391808
1480466630.44306,38391808
1480466633.58824,38391808
1480466636.713419,38391808
1480466639.922603,38391808
1480466642.964777,38391808
1480466646.065954,38391808
1480466649.113128,38391808
1480466652.29431,38391808
1480466655.44549,38391808
1480466658.565669,38391808
1480466661.647845,38391808
1480466664.739022,38391808
1480466667.828199,38391808
1480466670.876373,38391808
1480466674.001552,38391808
1480466677.160732,38391808
1480466680.365916,38391808
1480466683.555098,38391808
1480466686.621274,38391808
1480466689.677448,38391808
1480466692.709622,38391808
1480466695.813799,38391808
1480466698.958979,38391808
1480466702.072157,38391808
1480466705.142333,38391808
1480466708.207508,38391808
1480466711.374689,38391808
1480466714.460866,38391808
1480466717.614046,38391808
1480466720.701223,38391808
1480466723.831402,38391808
1480466726.853575,38391808
1480466730.139763,38391808
1480466733.294943,38391808
1480466736.438123,38391808
1480466739.621305,38391808
1480466743.347518,38391808
1480466746.545701,38391808
1480466749.732883,38391808
1480466753.086075,38391808
1480466756.301259,38391808
1480466759.394436,38391808
1480466762.687624,38391808
1480466765.744799,38391808
1480466769.168995,38391808
1480466772.460183,38391808
1480466775.650366,38391808
1480466778.901552,38391808
1480466782.127736,38391808
1480466785.361921,38391808
1480466788.461098,38391808
1480466791.716285,38391808
1480466795.035475,38391808
1480466798.163653,38391808
1480466801.294833,38391808
1480466804.413011,38391808
1480466807.611194,38391808
1480466810.812377,38391808
1480466813.971558,38391808
1480466817.096736,38391808
1480466820.436927,38391808
1480466823.691114,38391808
1480466826.867295,38391808
1480466830.109481,38391808
1480466833.302663,38391808
1480466836.606852,38391808
1480466839.71903,38391808
1480466842.984217,38391808
1480466846.464416,38391808
1480466849.640598,38391808
1480466852.803779,38391808
1480466855.954959,38391808
1480466859.201145,38391808
1480466862.353325,38391808
1480466865.653514,38391808
1480466868.9187,38391808
1480466872.108883,38391808
1480466875.288065,38391808
1480466878.679259,38391808
1480466881.84544,38391808
1480466885.105626,38391808
1480466888.359812,38391808
1480466891.618999,38391808
1480466894.942189,38391808
1480466898.204375,38391808
1480466901.43756,38391808
1480466904.877757,38391808
1480466908.235949,38391808
1480466911.806153,38391808
1480466915.057339,38391808
1480466918.515537,38391808
1480466921.675718,38391808
1480466924.972907,38391808
1480466928.238093,38391808
1480466931.426276,38391808
1480466934.531453,38391808
1480466937.814641,38391808
1480466941.036825,38391808
1480466944.25901,38391808
1480466947.448192,38391808
1480466950.603372,38391808
1480466954.070571,38391808
1480466957.295755,38391808
1480466960.510939,38391808
1480466963.812128,38391808
1480466967.133318,38391808
1480466970.3205,38391808
1480466973.360674,38391808
1480466976.538856,38391808
1480466979.712037,38391808
1480466982.971224,38391808
1480466986.163406,38391808
1480466989.292585,38391808
1480466992.548772,38391808
1480466995.84196,38391808
1480466999.146149,38391808
1480467002.433337,38391808
1480467005.545515,38391808
1480467008.95971,38391808
1480467012.012885,38391808
1480467015.174066,38391808
1480467018.446253,38391808
1480467021.734441,38391808
1480467024.934624,38391808
1480467028.153808,38391808
1480467031.567003,38391808
1480467034.736185,38391808
1480467038.185382,38391808
1480467041.29556,38391808
1480467044.638751,38391808
1480467047.912938,38391808
1480467051.26113,38391808
1480467054.501315,38391808
1480467057.775502,38391808
1480467061.090692,38391808
1480467064.276874,38391808
1480467067.469057,38391808
1480467070.916254,38391808
1480467074.259445,38391808
1480467077.517632,38391808
1480467080.706814,38391808
1480467083.917998,38391808
1480467087.180184,38391808
1480467090.495374,38391808
1480467093.598551,38391808
1480467096.874739,38391808
1480467100.120924,38391808
1480467103.289106,38391808
1480467106.582294,38391808
1480467109.685471,38391808
1480467112.917656,38391808
1480467116.13084,38391808
1480467119.310022,38391808
1480467122.511205,38391808
1480467125.793393,38391808
1480467129.010577,38391808
1480467132.311766,38391808
1480467135.619955,38391808
1480467138.735133,38391808
1480467142.034322,38391808
1480467145.261506,38391808
1480467148.603697,38391808
1480467151.96489,38391808
1480467155.025065,38391808
1480467158.336254,38391808
1480467161.508436,38391808
1480467164.673617,38391808
1480467168.002807,38391808
1480467171.20099,38391808
1480467174.542181,38391808
1480467177.67536,38391808
1480467180.910545,38391808
1480467184.018723,38391808
1480467187.166903,38391808
1480467190.401088,38391808
1480467193.57727,38391808
1480467196.72745,38391808
1480467199.956635,38391808
1480467203.214821,38391808
1480467206.69502,38391808
1480467209.961207,38391808
1480467213.054384,38391808
1480467216.31257,38391808
1480467219.726765,38391808
1480467222.915948,38391808
1480467226.111131,38391808
1480467229.368317,38391808
1480467232.709508,38391808
1480467235.918692,38391808
1480467239.309886,38391808
1480467242.635076,38391808
1480467245.961266,38391808
1480467249.203451,38391808
1480467252.487639,38391808
1480467255.706823,38391808
1480467259.008012,38391808
1480467262.311201,38391808
1480467265.501384,38391808
1480467268.662564,38391808
1480467271.789743,38391808
1480467275.034929,38391808
1480467278.362119,38391808
1480467281.555302,38391808
1480467284.817488,38391808
1480467288.435695,38391808
1480467291.744885,38391808
1480467295.053074,38391808
1480467298.396265,38391808
1480467301.748457,38391808
1480467304.929639,38391808
1480467308.009815,38391808
1480467311.169996,38391808
1480467314.401181,38391808
1480467317.731371,38391808
1480467320.879551,38391808
1480467324.229743,38391808
1480467327.456927,38391808
1480467330.559105,38391808
1480467333.587278,38391808
1480467336.834464,38391808
1480467340.413668,38391808
1480467343.826864,38391808
1480467347.191056,38391808
1480467350.423241,38391808
1480467353.502417,38391808
1480467356.807606,38391808
1480467360.03079,38391808
1480467363.199972,38391808
1480467366.627168,38391808
1480467369.845352,38391808
1480467373.036534,38391808
1480467376.423728,38391808
1480467379.845924,38391808
1480467383.245118,38391808
1480516815.707011,38391808
1480516820.477284,38391808
1480516823.534459,38391808
1480516826.776645,38391808
1480516829.963827,38391808
1480516833.022002,38391808
1480516836.203184,38391808
1480516839.342363,38391808
1480516842.846564,38391808
1480516845.918739,38391808
1480516848.950913,38391808
1480516852.862137,38391808
1480516856.196327,38391808
1480516859.856537,38391808
1480516863.315734,38391808
1480516866.515917,38391808
1480516869.816106,38391808
1480516873.02629,38391808
1480516876.308478,38391808
1480516879.623667,38391808
1480516882.767847,38391808
1480516886.13304,38391808
1480516889.333223,38391808
1480516892.636411,38391808
1480516895.841595,38391808
1480516899.093781,38391808
1480516902.243961,38391808
1480516905.363139,38391808
1480516908.621326,38391808
1480516911.870512,38391808
1480516915.058694,38391808
1480516918.288879,38391808
1480516921.46106,38391808
1480516924.528236,38391808
1480516927.814424,38391808
1480516931.223619,38391808
1480516934.420801,38391808
1480516937.649986,38391808
1480516941.103184,38391808
1480516944.387371,38391808
1480516947.556553,38391808
1480516950.885743,38391808
1480516953.98592,38391808
1480516957.348113,38391808
1480516960.572297,38391808
1480516963.720477,38391808
1480516966.91966,38391808
1480516970.159846,38391808
1480516973.369029,38391808
1480516976.651217,38391808
1480516979.797397,38391808
1480516983.041582,38391808
1480516986.263767,38391808
1480516989.384945,38391808
1480516992.527125,38391808
1480516995.652304,38391808
1480516998.767482,38391808
1480517002.004667,38391808
1480517005.153847,38391808
1480517008.506039,38391808
1480517011.986238,38391808
1480517015.124417,38391808
1480517018.296599,38391808
1480517021.434778,38391808
1480517024.582958,38391808
1480517027.738139,38391808
1480517031.010326,38391808
1480517034.196508,38391808
1480517037.562701,38391808
1480517040.815887,38391808
1480517043.975068,38391808
1480517047.212253,38391808
1480517050.687451,38391808
1480517053.925637,38391808
1480517057.044815,38391808
1480517060.196995,38391808
1480517063.403179,38391808
1480517066.910379,38391808
1480517070.079561,38391808
1480517073.303745,38391808
1480517076.680938,38391808
1480517080.02613,38391808
1480517083.387322,38391808
1480517086.596505,38391808
1480517089.876693,38391808
1480517093.059875,38391808
1480517096.412067,38391808
1480517099.679254,38391808
1480517102.873436,38391808
1480517106.023617,38391808
1480517109.220799,38391808
1480517112.530989,38391808
1480517115.819177,38391808
1480517119.093364,38391808
1480517122.34955,38391808
1480517125.584735,38391808
1480517128.890924,38391808
1480517132.107108,38391808
1480517135.173284,38391808
1480517138.407469,38391808
1480517141.611652,38391808
1480517144.829836,38391808
1480517148.183028,38391808
1480517151.424213,38391808
1480517154.560393,38391808
1480517157.856581,38391808
1480517161.109767,38391808
1480517164.393955,38391808
1480517167.690144,38391808
1480517171.054336,38391808
1480517174.362525,38391808
1480517177.498705,38391808
1480517180.971903,38391808
1480517184.135084,38391808
1480517187.72629,38391808
1480517191.290494,38391808
1480517194.598683,38391808
1480517197.989877,38391808
1480517201.117056,38391808
1480517204.271236,38391808
1480517207.731434,38391808
1480517211.197632,38391808
1480517214.702833,38391808
1480517218.034023,38391808
1480517221.260208,38391808
1480517224.44039,38391808
1480517228.033595,38391808
1480517231.161774,38391808
1480517234.303954,38391808
1480517237.522138,38391808
1480517240.865329,38391808
1480517243.959506,38391808
1480517247.295697,38391808
1480517250.483879,38391808
1480517253.672062,38391808
1480517257.245266,38391808
1480517260.341443,38391808
1480517263.485623,38391808
1480517266.622802,38391808
1480517269.776983,38391808
1480517273.029169,38391808
1480517276.259353,38391808
1480517279.565543,38391808
1480517283.007739,38391808
1480517286.150919,38391808
1480517289.377104,38391808
1480517292.589287,38391808
1480517295.713466,38391808
1480517298.93365,38391808
1480517302.131833,38391808
1480517305.419021,38391808
1480517308.853218,38391808
1480517311.991397,38391808
1480517315.138577,38391808
1480517318.474768,38391808
1480517321.646949,38391808
1480517324.881134,38391808
1480517328.251327,38391808
1480517331.605519,38391808
1480517334.863705,38391808
1480517338.077889,38391808
1480517341.361077,38391808
1480517344.633264,38391808
1480517347.771444,38391808
1480517351.053631,38391808
1480517354.315818,38391808
1480517357.587005,38391808
1480517360.896194,38391808
1480517363.986371,38391808
1480517367.157553,38391808
1480517370.395738,38391808
1480517373.655924,38391808
1480517376.774103,38391808
1480517379.796275,38391808
1480517383.083463,38391808
1480517386.182641,38391808
1480517389.594836,38391808
1480517392.757017,38391808
1480517396.060206,38391808
1480517399.478401,38391808
1480517402.741588,38391808
1480517406.064778,38391808
1480517409.503975,38391808
1480517412.605152,38391808
1480517415.735331,38391808
1480517418.917513,38391808
1480517422.289706,38391808
1480517425.578894,38391808
1480517428.972088,38391808
1480517432.091267,38391808
1480517435.274449,38391808
1480517438.431629,38391808
1480517441.537807,38391808
1480517444.708988,38391808
1480517447.898171,38391808
1480517451.180358,38391808
1480517454.306537,38391808
1480517457.549723,38391808
1480517460.603897,38391808
1480517464.339111,38391808
1480517467.532294,38391808
1480517470.78948,38391808
1480517473.989663,38391808
1480517477.26285,38391808
1480517480.520036,38391808
1480517483.718219,38391808
1480517486.908402,38391808
1480517490.080583,38391808
1480517493.112757,38391808
1480517496.245936,38391808
1480517499.489121,38391808
1480517502.796311,38391808
1480517505.898488,38391808
1480517509.188676,38391808
1480517512.270853,38391808
1480517515.55204,38391808
1480517518.791225,38391808
1480517521.961407,38391808
1480517525.177591,38391808
1480517528.328771,38391808
1480517531.537955,38391808
1480517534.762139,38391808
1480517538.002324,38391808
1480517541.153505,38391808
1480517544.418691,38391808
1480517547.467866,38391808
1480517550.69505,38391808
1480517553.963237,38391808
1480517557.200422,38391808
1480517560.249597,38391808
1480517563.413778,38391808
1480517566.763969,38391808
1480517570.004155,38391808
1480517573.275342,38391808
1480517576.518527,38391808
1480517579.71971,38391808
1480517582.922894,38391808
1480517586.163079,38391808
1480517589.348261,38391808
1480517592.48444,38391808
1480517595.62062,38391808
1480517598.984812,38391808
1480517602.262,38391808
1480517605.337176,38391808
1480517608.513357,38391808
1480517611.676538,38391808
1480517614.886722,38391808
1480517618.014901,38391808
1480517621.351092,38391808
1480517624.482271,38391808
1480517627.703455,38391808
1480517631.045646,38391808
